student_id,total_time_spent,quiz_avg_score,videos_watched,last_login_days_ago,completed
03e5dc41-176f-4c40-a402-9495d9273f87,11.64,70.37,0,14,0
9c6c8189-0c2d-4984-bb0b-0afde7c738fd,19.99,81.27,42,23,0
f721f016-06d2-439b-a67a-387172519281,23.62,84.05,21,11,0
7c2ddc9d-bea2-42c4-a111-fb5314b4eda8,31.74,87.47,35,28,1
03d4e3cf-4565-4542-a330-04a34ece6f01,23.04,81.21,6,0,0
9b5eb59f-d360-4b52-89d7-6f1a49b3ca2d,20.83,48.98,41,28,1
824e6131-06db-4c3f-b7ef-98805717eb8c,3.62,57.67,10,1,1
4634a1cd-e57e-49b5-b836-445d6c3b3b22,29.96,46.02,35,10,0
1b227089-26e4-4514-ae96-14a66f8619b1,16.68,79.76,11,18,1
e0028902-b6e7-4a25-be93-0bea906cf1f4,22.02,70.38,34,9,1
e02b9b30-0408-4504-afd0-2c0b6e84e47d,16.06,78.02,15,29,1
e1ccde71-0328-4da9-a83a-971fbf05af92,14.94,67.85,40,22,0
7dcbcd9f-7dc9-4419-91a5-58b069f4d971,16.81,40.79,13,9,1
6e58bb2b-e764-46f6-b7e4-34a2df1e9991,9.73,65.15,38,22,1
eeb5dbf3-0b05-4b40-b54f-0a2f4ad532ac,33.06,72.97,25,2,1
bf2fdc51-bab8-496f-a672-1eac8b15e5cb,22.24,86.27,13,18,1
b33d3e6c-f115-4fc5-b62a-2d069bf54b34,23.01,80.93,34,6,0
4bf47246-3582-456b-8953-978109f0499f,18.97,59.58,13,1,1
7007269d-f982-47ff-8f34-fcf2ad69e5f3,17.72,90.3,3,24,1
5c6aa3e4-97a1-44b2-a3cd-81a3d3fa5f28,18.49,49.2,0,15,0
25c28fbf-ee4e-451f-b61e-644528a9866f,7.7,71.15,7,7,0
3796e245-35ea-49b8-aeff-bbf9f7380dec,16.6,56.29,4,0,1
b5efd8f8-df74-47db-a7a0-2669d5f3b07b,11.04,72.1,29,17,1
0913470c-c831-4873-a2c8-ccddad8807ac,23.97,97.8,41,7,1
42eb440c-1401-47a0-8453-a277a582ff34,10.79,70.08,6,0,0
a82d0629-0e01-470e-90ed-22d1d1095abd,15.79,73.21,34,25,1
fa7171a7-88c8-4523-bae7-315495ea4533,24.62,42.83,1,13,1
4f9f0fb5-9e87-49ca-8926-7809fd0f2520,15.2,65.38,15,8,0
fdd7fde8-5e27-4509-a243-1dc03aac4acd,33.08,64.43,9,16,1
91671668-65a9-44c7-a434-8f7ca55618ab,2.26,75.76,8,16,0
e29ea74a-81f3-48a6-968f-4fbe50229a46,0.1,81.46,3,1,1
aa99053b-799e-4d56-ae8c-0801c81e9c27,35.93,94.31,35,17,1
487fec2c-584d-4b37-9229-55d28c5d6777,25.47,53.86,9,8,1
46cc82c4-82a3-4ef1-83bd-82637b039776,21.11,89.92,13,15,1
47bb32cb-fad2-4462-9cda-7a0ea450b1a1,14.75,75.35,30,6,1
4f3c14db-bf6c-49dd-b247-0285c706ec69,19.47,83.51,42,1,0
0c80f264-4821-4921-9032-a9ef32dc847c,18.5,82.65,7,4,1
b212846f-cff5-4661-b4a8-153a06339648,25.9,68.73,37,21,1
255a69dd-e2a9-4a71-85b0-f02faae4aef2,19.61,71.51,40,22,1
2ded4b80-c49f-448b-9b3e-350422f71caa,22.13,77.25,31,2,0
f6752ec3-4454-46c6-ad4f-1ffd958ac543,3.69,88.94,19,6,1
b7f793b5-4577-4ac5-a27b-7e6659d14452,27.99,66.78,24,25,1
b649a021-be48-4848-930b-c761aa4e94b7,5.59,58.24,31,2,0
06abaa10-9ce0-4d90-8522-760b10481855,34.38,94.5,26,20,1
593138e5-e852-49c4-87dd-fa134a2accc5,15.78,91.91,44,6,1
1129b3b2-19f1-49cc-a2d6-f1deef1e737e,8.51,85.2,25,16,0
cfd4e146-b8bc-4209-8413-04732e44db84,29.85,98.65,1,13,0
10e504f1-8a4c-4963-8e17-a6da041d3fa6,49.78,90.57,48,10,1
d8108fbf-4efa-47c0-a9ec-573cfe941ebd,28.6,60.97,35,2,1
d8f7c917-e5d3-4413-82b8-3d9b26a29f49,13.81,83.34,2,28,1
7072bd25-b87c-4393-9aed-0a920d715368,28.08,68.86,40,9,1
d8d55255-b6a6-4f01-ab2b-265a852108ee,19.05,88.01,49,7,0
2d6d28d8-e62a-4349-92bb-fb015f5ce120,28.85,93.31,20,6,1
9386661a-7aa7-409b-9d92-b6b35170e826,25.63,87.18,25,29,1
e6318130-b315-4c10-b792-3a92a511cfe5,24.94,59.67,23,0,0
3cea9013-1c92-4fef-80d0-164699217a3e,23.17,60.49,6,14,0
a727b1c0-e61b-4a18-a724-a57428e06818,26.05,73.8,35,3,1
f152581e-396e-41d9-a584-3d900c3df373,37.68,86.51,0,24,1
b881a708-caed-4a69-a368-7ef4b596fcd1,12.0,72.33,15,23,1
d6e19c43-7cb8-4e05-872f-ff45226300f1,5.75,85.86,28,9,0
56cb4787-9933-45be-b508-35892543ee4d,18.14,95.53,8,25,1
eed5dcf1-4eec-4e8c-ab62-16fba452a1a3,39.96,61.55,28,17,0
561239a4-97b7-4792-94ec-a78e86a427e9,8.01,66.21,26,13,1
3c463ba2-571c-4893-a4ae-a51cd65fc089,4.01,72.18,40,18,1
974a1412-0fc8-4d17-9b47-0f24d8a1c02d,18.94,81.19,41,10,1
8ae37057-5e34-425a-8bfe-e18778166e1a,35.66,100.0,39,3,0
e7c9d59c-712b-4f54-ac61-16ea7befd6b1,12.48,82.55,27,8,1
c11e1031-48a1-48e9-82cb-0ca478c2460e,30.24,49.89,11,25,0
d42f2aa0-bc48-40cb-8a33-d4b515c055a2,6.12,49.39,46,9,0
39ea1360-5323-4822-b8d9-ffcb80c2adaa,5.81,81.16,3,13,1
58af7153-75aa-49c8-b488-18909569a463,30.78,89.16,44,1,1
fd1a8f88-34eb-47ad-adf3-c6cb8ce13b95,31.94,82.83,28,19,1
f7c6760f-99b6-43cb-94b6-93cd26667adb,17.2,90.24,2,16,1
f64209cb-66b4-4d40-b57a-e047ec2a00d4,21.0,73.12,39,4,1
4ed402de-7a32-466f-b5e5-e0d8401de332,50.99,62.2,42,24,1
d0ee72ad-31f1-4472-b6fe-798e9bc13d1d,32.5,69.42,8,22,1
6a2d5372-028b-4e05-ab33-504e2e0d40d4,24.4,67.54,22,26,1
caf54de0-f9a6-43be-816e-4a50cc214cef,21.64,58.82,20,22,1
a662277a-ffd2-47e3-b629-0e00659d1a12,33.09,69.87,5,17,1
750555bf-d722-45fb-8518-e882ff292238,20.08,44.37,36,23,1
5862a72c-e240-494a-b469-8b6445368090,3.17,69.93,22,28,1
797af611-865e-41c7-b4f4-2d3dc2210dc4,16.77,98.84,27,29,1
774d0641-575e-43a7-881e-192648cd6e9f,15.87,76.05,6,10,1
dbf2534b-f9df-4872-8a5a-7a4816371bb8,30.39,62.12,39,2,1
e0fe63d7-1853-4382-a733-699636c90fb6,32.76,82.21,32,0,0
af3fa242-3023-4360-b628-72c0be63921d,34.56,75.36,23,1,0
20e6f012-8ab2-4974-818b-32f138a2c1c9,0.83,66.48,20,0,0
3d97085d-3f2d-4813-859d-fdbc1effdbf3,1.06,56.49,8,16,1
3965faf6-6b3e-45f3-a820-b8fcbe061ef9,9.94,83.21,45,3,1
30424fd6-461c-499c-9d72-74c61a783b5c,14.83,79.47,35,24,1
379201f2-c4cb-4638-b61d-6559866fea4c,17.87,84.48,13,4,1
c5087bb4-470d-422c-8ec6-ee91f99508fa,19.52,70.49,15,10,1
d7af2a5f-d156-41eb-8ada-c0c8497cd0a1,18.24,90.67,42,8,1
713ff270-8ca5-443f-8903-1f0997c257dc,7.41,83.65,12,8,1
17818c9a-c4b8-4b58-a898-10a780ba8631,16.26,68.03,15,17,1
5cfa4326-9aa0-43b5-b8f9-3f0c4203e0c9,24.9,70.89,7,22,0
d719bf2e-3639-428f-b642-db3979eb2a27,24.5,60.58,20,13,1
7459166b-4fb1-4c50-8b20-edbb2dcd9b48,29.38,83.96,45,5,1
e4386aa9-e28a-4b35-a02f-41db8366ff7a,18.86,58.14,6,10,1
1623b45f-4018-42b7-ac9c-5c4b47355ae2,1.1,56.65,24,6,1
4f8b471a-f8f1-4af6-8a20-d66475836ac9,8.13,68.95,33,20,0
25f36e5b-3aef-4280-a97b-c20113fda286,26.91,97.82,17,1,1
761f4be4-ce07-4107-a2c4-1105260d1938,16.69,63.75,14,21,1
694ad6f5-a11f-4eb0-9629-27df69e13b57,21.87,82.47,37,24,1
c533d075-45ca-45ac-bbd2-bdcc1f75e9cc,22.92,83.28,7,21,1
8adf7b6d-7616-4639-b738-b285606dddce,18.56,99.06,32,23,1
b06fae67-1747-443b-9e6a-b81bfe2e228c,17.14,46.84,20,23,0
016b8e06-02db-4d56-9241-d3ceac306fc9,16.56,83.1,20,22,0
7ed16584-354a-427d-8719-b9da514ed300,23.41,72.86,17,27,1
cc32a3e8-05a3-413a-9229-14617317f8bd,17.03,61.52,46,6,1
9cd68700-0bee-40c1-afd1-ee608d859977,18.73,67.9,38,0,1
d2e1c6da-db95-4c66-b7a1-0027a3e10f42,27.15,80.81,4,23,1
32e57d62-afed-4bae-b102-1da77b5ff314,20.21,66.68,33,23,1
64a36de2-b1c8-4dac-992c-600b34fbd001,37.81,58.13,49,24,1
a38070e4-6d83-419c-9cfe-39c1c313e3bd,20.92,62.4,30,18,1
ce1234ea-c35f-407e-a0bc-70c19c56f791,22.25,100.0,20,9,1
f4df31e6-8383-403d-94b0-7ca12e7a3f26,15.66,100.0,21,3,1
1c04a3f1-fb86-4c84-ad36-8db9b9829a84,28.27,73.11,0,0,1
874b9fcb-37ea-4af1-8686-ca6e94c1e8f1,1.92,70.07,36,20,0
7d1ec2dc-02b9-4998-b35d-3b0ea2955721,15.97,98.63,42,20,1
433c92fd-4816-4c5b-8c32-678d3e865b74,32.44,65.01,44,11,1
4bb8d1bc-46fc-4c13-bdbe-677c97fbf257,18.12,92.12,45,22,1
5b1a7e77-727e-44b4-b353-9b9bf4125c1e,33.2,71.66,7,14,1
3b64f2a8-6eb5-4aa5-9c5b-baf6865c9561,23.33,79.27,43,20,1
1eea703e-a20d-4c12-8035-b6fe46570bde,17.34,73.79,33,16,1
e819f9c3-7f3c-4798-8a74-319df91c2c88,23.02,67.02,45,13,1
9f6e1134-7b1e-4b1c-aaf0-d2e98337eb39,28.46,78.02,37,9,1
5a09e55c-38b2-49e7-b476-f1010870fe45,8.15,55.0,20,4,1
21fb4ac1-2235-45b5-93a4-3b2909979ab5,11.81,85.24,16,8,1
253ee1db-c883-4fda-bcbc-139202c2a422,0.04,62.13,10,6,0
ee81270b-92b8-4488-8968-0d0cb875040b,11.51,73.89,27,16,1
081c2378-4c46-470b-bb13-267b13c3b57b,16.68,75.65,0,24,1
ca5288a8-3aaf-4621-a41d-af7a2ddab028,11.34,61.16,0,24,1
09d017b4-83ec-4ec6-a1d8-a8b0075735b8,19.64,76.83,32,26,1
574bbaa2-78c2-49a4-9b76-dd6734b148f0,10.47,81.05,36,24,1
37841576-dc9b-4d2d-94df-aa082147d05e,16.93,62.68,44,25,0
f6a945b7-745d-434d-a2f1-9ad919dff21d,26.41,94.54,33,1,1
c9b501c1-bb5c-4b56-8a1f-e0f24a9761ab,19.14,67.22,46,9,1
fab03cfb-6151-452a-89b2-1c1a9f802f57,12.52,84.1,33,13,1
cf6cf6b6-193a-444a-b8ff-96ab149237fd,9.86,79.8,24,3,1
c174e34a-880e-4fee-9edc-1f7689422587,21.42,72.93,16,7,1
c1635d29-a7c0-436d-aaca-06a68527b786,9.08,70.28,15,21,0
ef5273d3-1b79-4155-9486-5a34e2b69888,26.93,62.96,38,1,0
cac6b4e4-12fa-4c2f-b063-67f920c8c9f8,26.11,55.44,7,6,0
c0cb786c-06a2-4134-9015-48b9bcb63c29,26.59,57.52,48,28,1
f5738627-a1fc-4bd7-9525-e92202a91248,20.99,86.12,13,14,1
2e7d2829-96b6-4120-a87c-dcdfcf7a86de,12.08,68.99,8,28,0
4a71823e-6947-4825-bc0b-98decede4ad8,9.79,61.82,26,15,1
f7746b9a-6eb7-4539-8723-867940bb029f,25.89,58.88,17,10,1
28512328-9d28-4a85-a014-8988386298b4,15.58,86.66,41,19,1
44b8535c-1f44-432d-935c-2137f1e9d5c8,7.71,95.55,39,1,1
5f45d82f-b1a7-4a69-8999-c665cf5676dd,30.1,76.0,24,21,1
46bde3d1-7a9b-4e23-9bb4-5b5f1354c35f,27.54,81.34,14,23,0
41418d93-6ca6-4765-83ac-a36e16b7d166,38.43,71.36,12,20,1
82d98c9b-5a15-44e6-82c6-2f2e5e197714,15.79,68.88,16,0,1
5255aadd-dd7a-49da-81cc-e87cdf6244ae,22.44,81.0,31,24,1
4c7e7079-fa48-4850-b051-16a81b85974e,21.8,74.42,5,20,1
037d91a5-8ce9-400b-971b-50c2eaef94c1,31.08,70.74,19,14,1
5ed3a744-b02c-4843-b46f-f1f72b3046ed,12.68,79.34,13,15,1
6cfffd80-17db-4297-995a-9e2f9ebe5f19,6.82,100.0,17,14,1
e4060b70-3a4b-4a61-8be1-7ac2afea2e58,19.29,68.24,20,6,1
984c2ca2-4aa3-4f7c-b697-0b77c06db11d,4.93,89.84,16,22,1
81b2a47d-be18-4e0d-97d9-28ce7a332fba,29.48,50.22,17,16,1
947f74f2-5455-4f49-af00-4adf2278537e,0.47,71.06,43,7,1
ddb61640-20e5-484c-988a-dcd4c1d0806b,13.21,74.65,24,10,1
e55ad7c0-a030-4a3d-828c-f14299992ddd,29.23,81.27,12,14,1
a3ecb34d-57c3-4809-9dfe-b4ae78339d91,14.38,81.37,43,21,1
89bdf01a-99df-408a-bf30-3387fa7ad9c2,23.74,74.8,35,21,0
eaa8408b-0d02-445d-ad9c-51d840da629c,22.58,56.93,35,6,1
8b8d4b90-f05b-459a-959b-7e2d2939b68d,12.4,46.85,18,5,1
76e86cc4-058c-4006-a4cf-012403997d51,24.27,65.93,37,25,1
a0961e05-2c44-4b11-88ff-d363e1dcac58,25.35,77.28,29,29,1
15f04cf5-00ec-46c4-b25a-10b6968f8942,19.92,45.21,23,2,0
3f2c543b-b7c6-48f4-9db8-43764a0b21ec,10.87,92.25,7,27,1
f64c6570-7db8-43d0-8d1f-cd6473cbb059,45.11,100.0,39,27,0
fdf2b79a-68ab-43cc-854e-ba75a74e62b4,15.74,100.0,17,7,0
8b526690-18a9-4c5f-9282-869942b06314,29.7,42.27,41,13,0
0df37796-f275-417f-9c3b-1bb1923b74e5,27.74,73.72,33,18,1
f4a57bd4-9208-4898-9a80-bfc66ddbc1ac,39.24,68.7,39,16,0
4c28d9d6-220b-4297-9831-0ed86356e46d,18.07,75.02,31,29,1
963b4033-4afc-4915-962a-309b068a2d33,5.85,49.17,16,13,1
74690fb1-3821-4254-98fb-4c21ea333f8a,21.77,98.23,15,26,1
336272dd-4bf8-4f2f-894c-85cc54a4f89f,5.97,91.46,15,23,0
c877f5f7-88f8-4b31-b3a7-e6c78e6e33a7,27.72,75.48,28,0,1
3dc1f2df-8ce8-41a3-bcae-4ce9c54ceeae,14.23,65.7,13,8,1
1ca72055-b6d4-4a52-8845-1df6d41588f4,18.05,79.12,13,28,1
6a4fbadc-d565-4e32-b433-05524074b4ee,11.99,77.48,34,8,1
266ad768-b97d-4533-b15c-0ce099c9a53c,9.59,80.37,13,23,1
a1843a64-9a52-417b-8a53-e11c0d1be755,23.58,67.56,31,5,1
927851e9-d441-4b57-bb60-cd3e0945b123,27.56,55.38,14,13,0
f2b07fa4-3c0b-4759-9ffd-bc604723d392,25.56,43.36,36,26,1
f763b172-d5d8-4c8c-88a2-3a7636da5c06,3.24,54.58,28,10,1
dac8ad73-87f5-40c8-9c99-58f95d935323,29.72,63.97,32,15,0
439d110c-07fd-401e-b9ba-47faa7347ee9,17.5,89.08,9,18,1
db2691b5-fa7f-48ff-9f4c-d7ffaa380dd3,18.65,100.0,24,25,0
7860a1d8-4ca5-488a-8f10-082516c54ae2,25.92,68.43,37,23,0
9f6c55d6-368c-41a8-aaeb-4ade2ca1106b,20.79,80.39,42,7,1
caa3f275-0d2d-4f78-a1ac-89039e45a82c,28.97,76.89,26,4,1
095e48d8-bd01-4828-97b8-601e4b9fa7e2,10.9,86.09,26,17,0
5d3e8862-96d1-44ee-b1bc-33f9f848e72f,4.41,65.93,24,21,1
3218e2d7-86e3-4db0-9057-b96cff19059c,23.24,86.33,37,14,0
54ae4a83-83d4-4a1e-8be3-84f5da03bb00,8.12,72.1,0,21,1
a9c1dd29-bf52-447f-914e-a521276ed782,18.73,50.68,44,3,1
1b982b05-6a37-495f-8919-027ad9159aa3,27.73,57.97,33,26,1
8b626359-a2a8-4d5c-b358-c4543621207e,41.71,98.27,46,22,1
0250e66b-f2fd-4ded-830a-cc6c0168cc31,16.3,97.44,28,5,1
480a06e3-a9dc-4f97-8ea2-14e868e7d8a9,1.61,66.07,30,3,1
8f3ad534-1555-485e-a638-196f1b7fa177,35.39,89.65,6,18,1
fd929a53-9c0c-4cb5-bfdf-a91f5880817d,9.99,72.24,43,9,0
ca271d52-0782-4e23-b591-a33147b04975,8.76,89.96,0,4,1
b7412bb0-284e-468e-a601-c0e63ea8ea14,24.46,55.66,16,29,1
3f9590ca-1081-4a90-b601-0e0f0875e772,14.75,62.75,40,25,0
c9a646f8-467c-4393-bf05-584375ce6b2b,21.35,55.33,37,6,0
6d3e65a6-cb98-466c-a8aa-66e0f1b730e9,39.12,100.0,38,27,1
9a04039d-8788-4945-8766-57489d69bd80,5.37,94.81,39,8,1
63baf696-91ed-4cb6-8587-3835b63b2fa5,35.22,94.53,22,27,0
bc0c633a-c717-4320-9b01-7191ed236add,31.36,76.54,35,15,0
ca3fa0a9-88ca-47a8-85ed-bb9a7d1d94e5,22.5,100.0,1,26,1
817e7b2f-c650-407c-ab22-6eaacd7b9cdf,9.84,91.04,22,10,0
ee9e6f4c-6ae2-4d79-8106-af290b71743f,41.62,83.85,19,15,0
5f896f7b-ff62-46d5-8082-dc4e4e04ab24,33.78,71.65,24,21,1
af9cd4f9-bba1-4a3b-aaaa-55f44d560156,8.54,100.0,47,5,1
4285b2a3-56cd-4492-af78-b5e0095dd486,26.58,100.0,38,13,1
ecf6c088-84ae-4726-922e-611b2b54228f,38.61,72.55,4,5,1
9cfaa290-2adf-4a9e-a1fd-152e311a3a18,28.02,71.96,45,9,1
50b10433-8093-4008-be49-167a187a2456,18.01,81.87,43,14,0
81cad8d3-d54e-439c-b6d1-73a0ef34db96,28.76,56.29,22,18,0
2fa023af-a72b-441a-923e-45616de99076,30.62,89.75,39,8,1
d66df115-dc0d-4c15-a9f9-b46483a34f8d,13.96,95.4,38,18,1
6db76990-fb05-49a5-a1b7-e5a4fedee412,28.95,62.89,15,22,1
16007d9d-e01e-4382-a5aa-2d97df58d55e,23.41,87.36,17,9,0
cc07a80d-0bd6-4cdd-b503-a4799becee80,24.14,63.82,15,27,1
bb446e13-dd4d-4240-9882-8c1c973d3328,34.42,87.12,24,20,1
b1775585-b1b0-478f-aa22-9e9f85685bef,21.8,59.06,2,5,1
6f39336d-6baf-44b9-b4e4-345924c83981,2.4,64.69,45,20,0
3948ef44-4340-4fd2-8bd2-477e510f90c7,10.68,79.8,25,3,1
3f0e39bd-e42b-4305-b47f-93674df7285f,5.7,89.58,1,20,1
2be14de1-52f2-41af-aae8-c07141c7c829,15.84,73.97,1,16,0
5d2058a4-132e-4a60-b6b5-ab803a660156,9.92,100.0,37,21,1
3d944a12-dcf1-436b-a486-56b2a019433f,28.03,100.0,44,4,0
f5fe7d00-f93d-4918-b414-fb41b3e2427b,15.36,100.0,24,5,1
5d49405a-674a-44b2-8ec4-83d54f7fc271,22.71,86.12,48,18,0
46b84a7b-3fa9-490a-9f23-89c3126cb6f5,25.44,85.52,28,21,1
a046efe3-5408-4ad1-9a68-77548f3c2475,21.1,94.49,21,3,0
9bc279cb-9c1e-4f2b-9bd2-da4fa3c6b175,22.07,63.46,49,11,1
b2a52ff0-854c-4335-bc22-582adb0e9006,25.17,100.0,34,3,1
63844434-70e9-4f8f-af6b-b3d1cb0958cb,26.19,86.58,3,27,0
88292f45-5f53-4c27-afcc-bb9f7624b886,13.58,85.8,27,11,0
2174a945-a803-4470-938e-8a4630ad8d83,11.16,98.16,9,23,1
940bd1a0-39b0-4f72-aaca-9d8cbe8abe99,12.18,79.85,32,22,0
260633f1-1ea4-4b36-9871-2a0f684bb3cf,24.16,70.97,49,2,1
bda5cf54-0c50-4f2d-a4ad-45cce7e3f084,18.01,87.03,23,20,0
6e33e412-8ffe-414b-bca3-934b5d36a2f1,38.63,69.65,26,4,1
6f2cb367-a1c8-47c8-ad6b-0d8f78154d18,15.18,87.67,46,11,1
5b4e6f81-5ac6-467f-90bd-1c17151d74c7,24.57,87.32,5,14,1
eb391067-b282-4b04-9519-b736ffe718bf,28.67,66.67,17,25,1
e0dbed10-4dc0-4f68-add9-50c9c332a965,23.29,61.95,0,22,1
5d611e45-ca20-468a-b0f5-d7a17692847b,7.71,83.62,3,5,1
acc70c3f-0ef6-4aad-85b1-760dec210196,24.55,59.51,7,10,1
2216a262-0cbf-4be5-ae08-e692c6d0e9e5,26.88,100.0,14,28,1
81956f70-7e32-4bfa-870f-ddfe59cbf69b,29.97,93.62,44,20,0
5eacb483-4b7c-4e7a-bc24-4221c4bef6c8,18.54,77.59,17,7,0
32c6fd03-fa55-411d-81b6-114aa1bdeb41,22.79,89.65,31,24,1
5a3ca64e-9410-43cb-a7a4-77b05468793c,22.52,100.0,7,15,0
b1bf550e-7f4c-4831-87b4-9ff87f0c3b65,16.83,90.04,26,17,1
378a58b9-798d-4f6f-9639-1291a9ab1c37,10.71,83.84,22,20,1
062c1b68-99f1-44fd-b636-1a9a94740c82,14.34,74.43,41,19,0
8700628e-a0d6-4aad-a771-35893f2dc4c3,24.44,82.95,13,11,1
35c32d3e-2c04-4d4a-8052-93ce52614624,25.93,61.84,41,27,0
55055970-0280-4b9d-a1f5-371e06834d02,25.87,79.58,2,6,1
c0c3e3a8-d17a-42fc-a7c6-4d0573bd8f93,24.92,100.0,13,12,1
28b23e5b-92cc-4b98-8408-a4f85c537472,18.5,100.0,47,4,0
dfe4d057-5173-480c-8181-b583797397c7,28.99,89.07,6,11,1
8e6f1e99-9d8d-406b-8bd2-bd2a0098d444,14.85,57.92,10,7,1
72126dc7-adb3-474f-a8e7-2ce655e24ef7,21.84,85.45,15,7,1
1d874ea8-62b0-4c98-90dc-c18dc83f5488,42.08,72.13,22,27,1
48f6dc45-0c6c-4a69-a7a9-b9cdc7af8c83,21.58,71.04,17,2,0
cc83552e-8629-4c3a-9da0-8cfa2c9bef81,21.14,81.81,2,26,1
8f2e92e1-3730-4f83-aff3-eeb3c0fae507,8.66,69.24,1,23,1
ed3a7bb8-e78e-4cd0-8197-f1c07458f091,22.63,97.6,1,20,0
d1fd1a86-df22-46bf-8e84-3ba4237082f5,23.99,86.9,9,19,1
f56687eb-42e7-45b5-8b2e-8b090750884c,15.95,93.44,44,7,1
d1bd4b11-a370-4f3d-8df0-757d1489b0e9,1.05,53.52,3,16,0
f1b44f09-351c-4cc0-a6ef-d451e9553f4f,33.2,67.4,15,23,0
481e0bab-d63f-441e-afa0-c1ed61de2679,0.87,95.06,30,2,1
7ca35406-8c7d-46db-80b2-6147f2175cc8,7.23,48.87,24,14,1
47eebe3f-f002-4d21-a628-377d944caaf1,6.18,85.37,4,28,0
fbe6fead-0ac4-429a-ba7e-c6de30536c3f,23.14,83.13,8,24,0
c00f8592-7781-46f2-9763-c73557afa7e5,13.55,51.48,19,0,0
4e8a6bb0-1194-4e47-a72b-5bce6837c9d2,9.14,51.09,47,6,0
891f0a7a-2974-483d-b75c-50feaac07ab3,13.23,40.68,48,7,1
e1878b19-9a0b-42e3-8118-43d1f3e34a8e,29.81,58.33,32,24,1
d66df6be-5c1b-4f5e-b610-192b249bb4de,24.09,60.18,26,9,1
e5f73df7-1d72-44bd-a432-94ca984a8159,27.68,81.98,15,11,1
e58b3b81-a27b-4e25-800d-162ff9690b63,25.21,66.35,15,24,1
b0cac469-d2bf-40b5-8f02-4569dec2ad9e,14.87,76.23,38,8,1
6bb0aec8-f843-472c-87f2-0f5445c27ac3,13.6,93.01,18,4,1
0b027f75-4e56-4c5b-b0e2-4b6130f6f973,35.89,65.35,32,1,0
3948ac59-51bc-43ed-a531-fa609600f72e,17.17,82.91,34,13,1
b2e66381-3c66-42a6-b552-f3bc74a05e93,17.41,68.39,27,29,1
8275dda1-c8f4-4460-b85b-d9c23545efc1,31.55,62.12,19,8,1
fa8c57af-e912-414b-aed8-b24ee42a2344,43.76,82.09,8,10,1
f53ac779-8ae6-4dbb-8e86-12c1931c3085,15.81,83.89,3,28,1
c2dd10a0-c2ec-4cbf-b748-e7147c64dcb5,27.51,96.69,31,18,1
ad05c8bf-38d2-4998-ae87-821890d10bc0,14.21,68.39,47,29,1
03afdcc0-8d5b-4bd0-a44b-bd0cbf85a0c2,22.88,74.18,42,2,1
51e70a69-ac0b-4219-a817-3c65a85cffd9,14.86,82.48,43,4,1
de09fdbb-4e7c-46d9-95e7-e2e63842358b,23.0,53.82,41,3,0
d8b57934-8a86-4623-bb84-83dacb190c78,17.9,80.81,33,1,1
65ea0be7-a5d1-48cb-9aa1-867302748c7c,18.93,72.1,2,9,0
22e6c84b-48e4-408a-b92d-4d49a5e745a3,8.44,88.65,42,27,1
826c86ca-6546-4f27-954f-6696c3af905d,17.31,64.85,28,4,0
65a34b7c-1240-4343-89f6-9638d791da83,19.05,85.82,34,8,1
70008b8f-a79e-4db5-b5a8-3caa78c5b60c,39.52,88.95,2,7,1
6b9931a3-709c-4142-8606-4fa7eddecad4,34.62,76.46,0,5,1
71ddae77-baf2-4264-b98b-dc828d35d919,24.2,100.0,22,6,1
340bb9a1-6d16-4193-a9e1-c94283ae7566,31.19,81.16,19,25,1
13621624-cf9d-45ea-acd4-8ca9b527b3d4,2.7,88.24,13,2,0
b1346fda-e256-48bc-a510-2de441ce87c7,35.09,82.44,24,11,1
e9f52b94-fcd7-4a78-9b48-097413ecb5da,24.88,99.52,8,28,0
fb31063e-a4e9-4564-8b67-416caa26242b,16.77,90.05,7,22,1
a23f9a5c-e042-46f3-8dcf-ac80c3ea965f,22.85,63.95,40,28,1
7663c7e0-b8b4-4e64-beca-e40263d5df0b,30.7,89.71,9,23,1
c4a0ebf5-2548-4282-a124-21bfcdfc328d,14.36,91.66,49,8,1
6920531c-2d5e-4d49-ad6d-c2440e57da16,22.09,85.6,8,9,0
54a77fd9-c243-48a7-963d-db4bd45573aa,19.17,73.51,11,7,1
1522f5e3-b1b3-402b-91e0-dbfe33d26f15,26.09,71.57,23,7,0
3d09775d-d908-46ca-aec7-405a559b1175,51.14,82.78,17,9,1
ffb77641-1670-456f-a660-fd45caa79143,2.22,87.63,48,12,1
f1bf3698-6c54-4d43-a731-665eb841b5ff,21.31,66.69,6,15,0
5411c7b1-2f33-427f-b726-f91effb777e2,29.34,58.83,41,24,0
bcd4c927-f9a7-4790-b625-04d91ca335e4,6.83,71.35,25,9,0
6bede22f-aa20-452a-b3e3-08b688b64782,24.97,68.89,2,15,1
7a2ff688-1fef-4b76-a39b-42ac43c4f600,7.17,79.5,16,8,0
9048763e-feec-478b-bddc-d50303147b2d,28.18,86.32,1,3,1
142c2fcd-213d-490b-a18a-d267b4dc7912,27.75,61.36,28,18,1
76a85480-cd92-4c0c-8705-94eef0894e06,6.58,92.63,44,7,1
05459392-523e-4eaa-b9a2-f17870a951a9,1.14,66.54,18,22,1
7da47af5-5dc3-46c9-9805-19a5ff5a6d52,8.03,53.94,43,17,1
f6e40a1d-8b46-46da-b1d0-739b794f518c,27.17,84.73,31,0,1
0745682e-9707-41b2-98e3-37fae1cf51b1,15.77,77.3,7,2,1
a9f6d1c0-e6c8-4ea0-8293-864f2de91f4c,19.88,74.54,48,27,1
dd5efddb-9f75-4d14-af02-a63804f31cb1,20.42,71.6,49,22,1
94ad4680-7382-4594-93bf-e178ed7cf57a,34.35,81.72,21,24,1
defed5c1-96a2-48f7-9a9b-79f364df58b2,16.71,80.48,14,2,1
10522266-6d7e-49b5-ba45-d6291a92d43a,10.66,74.04,8,22,1
8101349b-c6c2-4826-8947-b09ecf9ac9ed,10.94,72.65,31,7,1
fb7c0e03-8aeb-411b-8b41-1d84c95da398,43.26,76.02,2,18,0
8210ffee-65e1-47a0-a6ec-380053bc581e,41.21,74.11,9,8,1
d6d42159-0bc3-49e0-946a-10bbc36245bd,33.77,62.88,39,23,1
22d23bad-e8c1-4004-916a-31c2b53a0cd7,7.97,92.04,24,16,1
e7c85ebd-803e-4845-94c4-8bd246308f59,25.05,54.52,26,22,1
afe7cad4-b775-4dc0-9e93-357b0e79214c,27.32,100.0,2,11,1
8217bb40-8574-4057-ba83-e545910c0a5f,10.01,88.87,7,14,0
f0943a1c-1c5e-4e25-a7ee-dd81098df68b,15.57,90.77,45,11,1
77f502a2-b064-48c4-853f-efa98f989a81,23.01,100.0,13,26,0
a9d66e25-fac4-42e1-bfa5-e452f850b749,26.37,73.3,0,17,1
86a4b5c2-cb88-480a-8c74-70f50e1b3e14,28.26,64.14,5,14,0
e9cdc1c2-0f40-4530-9059-520cab0c6a4b,35.48,63.17,22,4,0
d6031d57-730b-4d8d-bcb6-980f2707bdbf,25.34,67.35,39,13,1
a2908cec-0d43-468e-814a-1e64e9397900,22.77,77.82,15,26,1
5c7a5d75-c7e7-49f1-9a4f-705f09c1dc1e,21.43,98.63,36,0,1
0d736d46-3d02-415b-b685-07d7af92dc5a,10.92,71.72,23,28,0
c3a0e0d4-2d21-47ec-a764-dbce292b1c1a,14.16,78.38,28,11,0
9268e761-f6a2-4d83-a235-4590ce903f4f,11.87,94.7,33,26,0
48f254cb-b4d7-4448-9a0a-d068a67b66cf,22.24,63.48,24,14,1
c7b4d640-dedd-4b53-a849-58a34c4ddbb2,8.69,43.21,0,9,1
014b5a81-d85f-40b2-838a-3109974496d4,26.02,83.58,46,24,1
7ff957db-ab0b-429b-b8fe-6506f93a5b83,30.46,92.3,19,29,1
86b8a537-ae19-4bef-9c43-0f4fbd4985f2,25.46,52.03,42,6,0
4d849e5e-9307-44c0-9b96-3a6d1130cfcd,23.36,85.97,35,2,0
9b11311a-3665-48a9-b941-4e13f8dd74f2,40.24,43.97,16,4,1
8972da80-fcd5-4769-9ac8-a2581890f665,4.96,95.12,45,11,1
b8102719-d2fd-408f-9c9f-1bbc2d1d0d4d,12.82,46.02,1,19,0
ea91dbe8-fb43-4d94-97bd-4b16c9959748,26.81,92.47,0,14,1
d27a05e4-088b-4300-9100-928012aec2f6,17.48,85.31,24,5,1
1b5521b6-f298-400a-8362-4d1a5365b181,11.22,53.25,49,10,1
e6cfb577-ed1f-4cf3-b745-9726d672d94f,18.23,93.37,46,26,1
e139ff1d-0e1d-40d5-ba3c-18bc681cdf6b,14.52,55.74,17,25,1
56bc1af2-7e87-4543-84c5-2e77ece67308,32.17,38.31,8,17,1
2b7d0731-6b04-4b4b-b487-cea5d75b0b81,27.54,77.88,16,19,1
8f34f4d6-7eba-4e7c-a09e-df2f88e4f29b,4.81,56.89,44,4,1
b30dcba4-8bd8-4c16-9cb2-58f52242545e,17.03,41.07,15,17,1
23c1c211-03a9-45a2-8ba0-7c470a89411a,10.22,77.6,38,0,0
075386ac-c076-4bc5-a7fe-a435865da9f1,34.6,93.58,35,12,1
4ce5d992-cfd1-4e66-98e3-8c79a1bebf5f,42.61,82.54,35,3,1
c7b8f455-e6b8-4a17-9c6f-0086c04958be,23.4,66.44,44,19,1
885c8268-af26-40b3-ab42-04776b116ecf,15.48,50.0,32,6,1
173d507a-7c1e-49f4-aa75-652d2e54a792,17.19,88.2,36,11,0
a35b0ff7-3867-4b68-a515-169f3a908868,17.55,71.04,44,15,1
06954c46-6e4e-4a48-9a41-54fde3e31e02,23.57,57.47,19,3,1
6eed9a8f-da06-44ef-bc3e-c83ec9d5ba44,6.99,66.47,4,25,1
1dd48d7d-4b6e-4ea2-95f3-50ffee1b02bf,13.78,70.06,44,5,1
04791aba-405c-4ef1-880f-b3226623c102,10.92,73.87,14,27,1
d158bf0e-45f6-4d48-b8d4-aecc7056c41a,19.64,90.69,19,21,1
f944460f-e4b4-4683-bbde-b0a5dc2f96ef,20.26,63.13,43,5,1
30b1e4b9-86d6-4bee-b402-ea29f8e31bf5,23.44,92.59,21,24,1
8829a3c2-326e-4ba9-9500-df83583f83b6,47.39,70.28,13,19,0
cf869478-1b02-409e-9393-edcf41f04152,14.63,82.65,41,25,1
e4930f8a-b0b9-49db-aa98-360f715ff0c8,11.97,50.76,21,4,1
5ed91411-8515-44fa-98a9-af01c880a52a,23.46,50.28,47,15,1
a1146f9f-d727-4712-a7c2-e955d65201d0,27.39,65.28,22,11,1
a66e359e-1338-4cdf-8590-ba5d4f95d2d1,13.39,59.65,13,16,1
1b8ceab1-eb4e-496f-969d-cd0832170a35,9.76,70.73,8,1,1
d3928901-2b75-4bc4-b5e3-60a84e9aafa9,7.68,82.6,49,15,1
d7c8c139-3c42-47e2-8a6c-f94c12f3ce51,24.83,55.43,18,6,0
6e7483ba-79c6-4eec-b971-e38a1f9b6dc7,6.52,94.05,41,21,0
2ca97768-1eba-4ca0-9270-e9bddbd07196,19.17,89.97,36,10,1
38e9356f-fc16-4205-946c-f10b036f78c9,23.39,74.2,38,14,1
0c3d209a-c162-4c23-a968-5c53d0147db9,11.07,60.57,35,4,1
b920cdca-8d6e-40b7-a8ce-2adea3448e61,17.33,94.88,41,10,1
601c70bd-e7b5-4789-9d09-b1ebe1461913,8.97,55.78,24,2,1
85496469-1bf6-4ff8-92ba-ea7fe3ac2612,35.26,74.01,44,26,1
a47cac42-cbe6-422e-9194-22b4a047ae2d,29.88,87.84,42,28,1
bfd5e25c-d699-4683-b87d-cc7f0c3b765f,5.99,92.29,38,14,1
60ed9138-9492-476f-90cd-2e3644fc90e4,14.37,98.39,21,15,0
22bf71d2-a0c6-422c-9cc7-49c5009e4c5b,14.99,59.97,23,13,0
ad6e5d22-25e6-44a5-bcce-95fff4ddb0dc,18.35,90.72,3,13,1
c8fdfa12-3ad5-4087-b958-04d3cdd2f1a2,7.64,99.11,21,14,1
7543e59a-f56d-4b61-be5b-a32a5e510e8e,14.85,46.44,8,0,1
e74f4e1f-2df5-4fb1-abef-cd2e428190fd,24.48,88.09,44,18,0
072e1f95-88f6-4ae2-a865-fbb4f0e37a23,25.72,87.74,21,8,0
1e7ebff3-2f19-4dc9-9488-2016345b48fe,25.83,83.32,39,13,1
ed590c0d-b96d-49d1-860a-602a7679390c,23.86,36.48,39,11,1
3d99e47a-f0fc-4202-b4ba-fd272e7f3719,26.36,100.0,45,3,1
e8b20432-817d-4222-8654-c11288c14331,36.08,84.86,4,1,1
a757df2e-575d-4c82-8274-eb259a0d01a6,20.6,100.0,9,5,0
22aac262-2197-47e8-8bbc-50f21059d3aa,21.64,62.52,28,6,1
86aca35b-4ea2-4e21-9b4a-29ca09c1e002,29.39,91.39,12,15,1
71177648-7287-4a7c-8e23-1050ef697816,25.7,71.45,33,21,1
66730e32-494e-4666-89de-a096169642d8,19.1,59.94,47,12,1
6c4c8eb3-b377-4c7c-823e-2cd1ad9f7bc3,15.17,99.86,8,20,1
8df97db5-fbb7-44ab-b6f3-3ca736329fd6,17.71,67.51,32,2,1
97a3cfe7-e0c5-4dd5-92a2-82dc94ec61b0,23.49,92.67,43,18,1
296bf835-8fb0-4f3d-8749-3bc8a3550945,30.81,98.38,26,3,1
95fbd552-63de-4716-ae91-cbe63d66b0f8,1.66,76.72,24,6,1
8c7ae8cc-b96c-4a3a-8b7c-100fe39402e1,21.5,74.51,6,24,1
77e0477f-258f-401d-8a61-cddd2dcae497,14.85,63.38,3,2,1
5a3b5904-6c22-4b65-ab8d-f5c8a866f651,6.28,76.74,38,28,1
a3ad75d4-3ece-4866-ae17-146686981d43,23.79,81.44,46,20,1
9148f81b-7475-422a-8b02-3b006b5b383b,17.13,64.17,44,21,0
f95d435f-f54e-4375-ab51-2aeee6f0394a,28.79,74.25,47,26,1
17a8f593-b31e-45c7-a3d7-78fe8e0f5630,18.38,96.62,49,5,1
8c278f85-8f69-4602-a1b2-5300136dba6f,14.08,84.65,47,8,1
36921d8c-93d7-4a02-9907-c97be3f53325,27.05,92.46,27,20,1
edb0b561-d139-4c3b-8609-17a9e179efec,19.44,82.26,34,17,1
26505c9c-ec43-456f-937a-75d6c52ea50c,22.58,90.16,22,5,1
eb0e100e-90fa-4c61-8f7c-a53dd0b00a4a,32.15,95.43,12,9,0
d5ce2f2f-20fa-41d8-9802-f90b585ffab1,23.01,90.06,8,26,0
a38306b6-2bd7-4238-93e8-ac7ab83154ec,10.67,68.16,32,23,0
8fdcbf6f-ee54-4980-a432-8d3e4e0830b5,8.27,93.15,34,12,1
4738c933-f34c-422f-be7d-5d27fceda4d6,3.11,46.72,38,22,1
bcf6f49e-40b5-4b61-bc02-29304c02574f,5.64,65.33,20,2,1
e8e93a1d-a418-4740-a489-a85729f7a2b8,9.59,63.56,19,7,1
5adc2a84-8ff5-43f0-937f-a5e5f2a956ff,20.43,80.16,32,1,1
70f125eb-776b-41df-acd6-36748127535f,25.31,100.0,48,28,1
48c94cd6-4a96-4795-90c6-ffaa0838804d,18.54,48.86,42,9,0
d69c1b42-e21b-4bee-9947-b7a9d94c5acd,0.86,44.89,11,24,1
83aee909-c666-4698-bca6-e2f3e709a1d7,14.92,65.33,24,15,1
e5df0074-da55-4f5b-aa65-bd8afbe0046b,13.69,56.76,10,5,0
73220f96-57d4-4091-969e-94cd28cfb749,23.28,83.81,3,27,1
7a94cf2f-45a7-4a59-8aa4-8b3a24b4663b,22.92,80.74,34,8,1
ab5419f9-ebb5-452e-9ea9-6f1593e77c1e,16.3,73.98,40,23,1
6223ed35-d756-44ae-8136-6eba33c08260,18.46,82.91,18,15,1
485f3435-f7fd-4271-b49e-d1a1a6c4cecd,26.07,82.09,17,12,0
6f9e05ff-f72e-4fd9-ad14-ee13ca700221,27.18,65.02,7,9,1
e3d9b6d4-408a-4f4e-9acb-0219aca6b421,40.83,76.94,32,12,1
39eda14a-a92a-4ea0-92bf-44b1ef472ed7,10.04,64.56,18,9,1
b86e1cf5-4258-4426-bc4e-8b172c43eedb,4.47,50.37,41,20,0
d3ef579f-ca00-4dbc-83dd-075be0c9634a,19.71,92.37,16,5,0
20014032-b6a3-4c17-8783-5ec558d3f33f,10.11,64.22,17,24,0
2192e239-248c-48c3-bbc9-4af2bea7c1f0,21.04,70.1,19,11,1
351d5e7c-2420-429a-aef6-411d5bd674a4,18.44,58.83,2,14,1
71afb75a-e0b3-452f-af96-96f728b86214,20.78,93.18,24,17,1
7f14edc3-1681-47d2-805d-9d9fc6e1746d,13.6,50.52,14,25,0
9db011a7-6ab8-477e-aa17-ef514d18bad9,18.21,66.2,12,8,0
d16a3b5c-dfa5-4fda-bd5e-82c212ca89dd,3.68,56.7,28,7,1
3d4cd737-e194-4200-880e-617e43ce5c1f,17.3,89.95,2,16,1
79d927e7-32a9-43c8-aa03-f7729819133a,15.94,89.86,46,9,1
47889971-4ea6-46a2-ac14-01ab9e6573d6,14.98,66.06,28,22,1
aeb76cfd-9c49-44aa-9380-58ac0744247f,17.31,63.51,30,29,1
1907dbb9-d76c-47bf-a2a5-3a065daf0100,14.34,60.51,34,22,1
0a8b5607-2bf3-4477-8a4f-0f0d21703bd1,34.07,87.32,15,26,1
f94d95d3-6794-46d1-8246-acc988e51cb4,26.25,79.56,35,11,1
bdaa592f-feda-48a8-8e44-9dec330ef4b9,22.6,71.76,46,4,1
0579c755-1e03-4882-937a-a2b527b4e5bc,22.51,68.47,21,29,1
f1e1062a-dd0a-4955-aa67-0114186d7a68,18.04,76.87,26,5,1
03352b7e-0df2-4612-a49c-e8e78e55b495,8.09,70.94,18,6,1
b853063f-f12a-45c9-9d35-c8bd96914714,28.48,67.65,32,24,0
304c0d6c-ea04-408b-a3fb-d5beed7b62a9,22.3,57.48,15,16,1
fa321c4e-a601-46d0-9b85-f31d6673d7d2,18.47,51.35,19,3,0
db3b397d-f50e-4bcf-ac17-36760a2f64d3,24.14,76.69,14,14,0
c22d39c7-e46a-406a-9f2a-fad63ffda9a3,19.18,49.36,1,10,1
c2c6d716-7b0f-49f9-8ef8-838d9084d830,31.16,86.7,40,29,1
693e3428-d980-4e60-8a45-9a3ad0502583,10.2,57.83,26,21,1
fe0a124f-8c70-4e44-a561-8bf0e91e9b5b,17.97,86.93,38,7,0
977d55e0-d178-405e-9236-98e88c9ed4a5,6.63,69.84,1,14,0
462adefa-be24-435e-9bf2-738b998bd417,29.1,60.73,45,21,1
060def2b-3eee-43bc-bbfe-75fd4c4639d7,29.78,84.57,24,13,1
ec24b176-3186-450d-95cf-9080a1d5d775,42.26,71.24,26,17,1
95e6b727-9f3a-42b4-a4e7-378e17788458,19.39,74.16,37,18,1
de5ebde0-90e8-4ee2-b7a8-72e883b4d2c2,6.36,80.61,44,0,1
b35ef4fe-7454-4db5-a930-2e3b36fc367a,22.05,54.15,17,25,1
49cfc364-1ddb-4f10-b509-87e441dd83d5,14.71,80.68,46,7,0
5d67b80d-6ceb-438b-9e83-c9da64f93688,25.67,86.56,46,20,1
1f0829ae-7295-458f-9095-c44b2c085bd0,25.96,53.16,2,21,1
0a80aef4-8b76-4147-8ab0-927b74e9cb76,27.4,43.11,13,4,1
3bad30ef-1f71-4923-852e-0ab2a41af285,25.59,74.07,34,26,1
f714becd-ba6a-4fb1-a4d3-fa862cd9f521,12.0,67.84,0,25,0
51a6ab91-bde1-4d30-9cc8-b932b84f51d8,13.59,66.36,23,4,1
d6167aa3-ee28-41b8-8ee1-3de7491d00c6,28.79,87.75,10,15,0
f9afa9da-66e6-4aac-a75d-7bbdb72b4a03,12.43,67.46,39,28,1
b0c3543a-d119-4ef0-9407-cb2ce8c54b24,15.21,67.78,41,10,0
f475848e-f97c-4707-b948-ce16a6dcb3d8,34.37,58.58,3,18,1
b2677333-9e64-48e4-b7bb-c5f6c2a8d396,23.79,70.57,9,17,1
3025c6bd-85d7-4c75-b2bd-3f80471def0c,8.09,75.71,30,20,1
245442d8-f1b7-474a-b129-0aeb770f984b,24.27,61.64,1,17,0
e62f958b-2f4a-4030-b7b5-148d29100948,21.56,81.12,6,1,0
cdf6f4b2-72fb-4eb9-89c0-3a8d2336fcac,6.67,79.17,43,24,1
b47d6873-ddb1-415e-ae3e-bb1ee67635e9,13.45,74.91,6,28,1
a2e8c967-2ad4-477c-9940-aab7c9239771,10.96,83.87,6,27,1
f844e2bc-0a4c-4f43-b88e-b51a26cc5b89,28.61,62.97,35,20,1
9c3d80c5-a655-4d1b-bcfc-9f16179ba0e1,15.93,100.0,26,12,1
70636ab8-7c82-48ab-8f8b-13d502e65c27,8.08,77.81,25,27,1
c562fc8a-b98d-4949-b211-5002d3d9c87d,11.81,83.0,0,14,1
73dcb746-ae3e-4f6d-aefb-e2339e27d72b,24.85,82.21,8,1,1
be8e7e8a-d05a-4c2d-acb4-411877ac1c03,8.85,88.35,38,3,0
1a5875e6-6a6b-498e-a422-2b66df63c81c,12.82,73.93,28,3,1
8b10c310-8f3b-45b4-8fc1-3b3ef3f52208,27.82,84.05,29,13,0
9cdc2192-8b02-4035-bed5-177609c02714,18.6,81.55,27,4,1
6984dc93-31d6-46e2-8714-592d33e1d79f,18.42,65.01,29,16,1
e811c07e-9d72-442e-a814-c86624522ab5,23.88,54.3,28,22,1
ee25d44f-e34a-4568-99d7-fcf3c2d36e48,24.01,67.33,4,19,1
4ff964a4-5609-48af-b630-262c86bb5480,21.27,86.05,24,21,1
d47bdd33-0b23-488c-93ce-4bbfeed3ba59,24.7,86.36,37,28,0
18802dcd-bf98-4499-8f28-315972223f59,31.36,73.74,17,20,1
567670e2-01d2-42d9-abf3-d2fb0b4175f5,10.25,60.96,47,6,1
ecf2e7f9-27de-44a3-ab77-304595776a95,25.55,63.5,42,19,1
798f357b-4b7f-401d-a325-989414ddb17d,24.79,67.74,9,12,1
97a8c6d4-c071-4989-971f-f1e85b7bf09e,47.99,95.6,35,29,0
0675fe7f-bddf-4e02-98a6-85b8c4fc4e4b,23.09,76.3,41,21,1
2124ac07-8882-49f0-98e3-56260f18a592,30.96,76.47,31,1,1
883a11f1-01f1-486a-9c73-bd82a977b7f1,18.85,61.91,42,19,0
fb9b0b6c-63b2-4f41-9de0-551bf4251817,15.58,100.0,25,22,1
a857ef8a-e996-464c-b621-df5fb717d294,17.88,88.12,7,14,1
5976e057-516e-47a0-8cbd-345410c108ad,40.49,78.17,39,5,0
a838d951-e3e3-42ff-8378-4bb0c1da4540,21.13,84.39,27,6,0
55b483e9-44f6-4b2c-8be3-4d1fa6a11ec5,30.25,72.26,41,15,0
4e2e7912-c4f3-4b8b-bdb8-16d7c8893819,24.01,94.03,22,10,1
11d360eb-ddbd-4fb8-b680-ef6aa8029a85,2.09,75.07,23,17,1
3141617c-924c-4298-a7cc-50da8a0923c4,33.72,99.11,9,24,0
8e599465-94c3-42f8-8491-e773e34cf3d1,27.05,85.8,16,11,1
d405441f-97d2-4c7a-a65a-d06a3e5f73a2,25.28,91.63,19,5,1
e2b57e86-16ee-4029-930c-22938f730f51,20.41,83.55,36,28,0
ad36f204-db65-4e25-ae78-e9e6e8d9f314,5.15,68.29,12,27,1
62fdecba-572a-4cfc-8aa7-5914c20f98dc,6.14,79.2,23,5,1
904f7bfe-5db6-4048-9d51-a927bde926dc,27.14,54.75,29,15,1
914b7be7-919f-441d-ba75-de4af90884ae,11.49,70.52,2,5,1
44d450e1-636d-48a7-8c5a-89865f56590b,30.21,79.9,24,23,1
2a63e6fd-1071-4bd5-bf7e-23a151b238c5,15.4,54.5,30,4,1
b313ff44-ab1a-492a-a445-cdbba6c9b4b5,31.09,66.15,38,3,0
7e4fd211-dd44-47e9-939b-59e7c7eaffab,32.8,78.22,49,6,0
c9c64a45-82d6-4e43-a274-a1f085fdb733,21.96,91.86,28,22,1
af7348d6-7319-4b7a-9277-fe49783d6d41,16.91,89.98,14,26,1
e5fc8eb6-2e59-4831-a557-0c63febbaf16,12.17,96.83,29,7,1
e4f139af-4827-458b-baba-e8315f67c72f,17.08,59.91,24,16,1
76e19a51-dbe9-4d0a-89d7-b0cb36994fd9,15.2,61.44,36,22,0
6144b9ed-ad7e-4ca4-b97e-af16f16dd910,34.52,70.15,22,23,1
92d44ef7-5c4f-4eff-b909-9ddc1501c14b,8.43,76.84,5,2,1
2cda8af8-9ac8-4956-9f88-15b6a5e9e87f,23.58,78.4,41,4,0
720d3edb-9885-4126-8e9e-8f6438d1da09,31.01,73.5,31,16,0
625a082a-4ef4-4d1f-bf7a-740fb159bd45,44.45,90.54,14,28,1
e42b22b7-d0fd-4f75-a08c-0024deee7ba7,12.41,58.91,8,25,0
113453aa-7267-4028-b844-ab9190428b9e,12.36,97.05,15,23,1
bc58137a-fded-4b64-b07e-7464ca3a27ec,31.13,76.62,23,19,1
369c21f4-df02-49a3-ac9e-23f4c4e52fd3,16.9,65.26,42,12,1
b2960e51-b37b-4354-817a-dd0a1ac3fdc2,22.37,74.19,39,4,1
4141989e-1027-4a32-b150-20326dfccb47,21.86,49.98,34,9,1
60d30bfa-60d0-41af-a42e-e35518cfe290,10.25,83.46,47,1,1
a7bd1ffb-59cd-4ed4-9ebb-88656cc63685,23.22,100.0,10,0,1
bfb103a7-2c0f-4864-a974-e2c13ee98280,22.72,62.53,2,23,0
80afff12-c36b-42ce-b31e-379356f5cdf1,29.81,67.37,49,7,0
4a859597-083c-4b4a-8718-518724502c0c,22.17,77.15,43,14,1
6560de6c-e151-4c19-95bd-469be7f8b2cc,10.06,69.24,47,24,1
bb68e0c9-3c85-4460-830f-e01ab3094520,19.61,91.43,34,7,1
80998ef5-ee18-4e14-a0dd-d8632df32317,5.06,84.14,44,13,1
9810a978-8e1c-4775-be18-5a298d2597f3,21.53,85.05,34,23,1
36af73a7-f8b2-4a0e-816a-17941f5ba1d8,21.93,56.89,4,25,0
a04a8122-369f-4878-86ed-2323e8b12c02,16.62,80.33,22,16,0
78259fef-7917-4544-ba31-40c4f223a034,5.7,100.0,2,23,1
9ceab147-18ad-4186-b248-9ede2fda99db,16.2,81.84,4,17,0
f37cd645-2fa8-4798-966e-f06fdcf698d0,24.78,43.02,20,15,0
ec37629a-5de4-48b4-be1e-3e88c1a22f93,55.05,57.08,11,17,1
cefe0253-7afd-4743-8a6d-dc40137f8773,22.53,92.47,17,19,1
3a2568b8-2705-4241-b8f1-3f5709d3afb9,16.47,81.42,46,3,1
51e0af47-d916-4e02-830a-71e350539e31,15.2,74.56,40,7,0
fbf17c73-adb1-437f-bcab-d9ad652c8184,29.03,80.84,11,18,1
a5e37935-93c1-4596-9993-a18262d5d2f0,11.37,60.87,7,9,1
d6418f2f-014b-4529-8318-02df6dc0dbab,24.58,77.05,26,2,1
d07e35a4-13ba-4057-b361-32220eae28ca,23.97,89.55,7,16,0
37e775f1-e15a-4dc8-a8be-cf39f4021937,20.37,73.64,31,29,1
4530b37b-9ebc-4476-803d-3d5c80e29473,15.1,54.77,31,9,1
1656a359-d3d1-4d33-872f-f5861e0fbd35,22.32,43.64,48,18,1
e8d207c3-b083-4e10-99e6-a8d82796317a,22.25,73.62,3,9,0
d1bbbb25-60dc-469d-83e7-e2d217005d62,24.79,93.12,0,11,1
5fcc0e64-e2b7-45d6-94bb-dabfc1c1b8c0,21.17,54.36,42,24,1
5b7c832f-afb4-4077-b9a2-72f52475a54e,12.49,38.86,49,0,1
a21b252a-e05d-414c-9c42-362cc2d6f4c0,16.33,70.63,46,6,1
2e27b29e-64f0-4bde-ab05-2ce69a1cefc8,4.68,59.31,8,1,1
a320842f-7420-45c5-a412-f3606cb4aa62,14.13,58.49,43,20,1
9197114c-2d12-4aff-9f35-cb191ec048b4,18.4,95.21,10,4,0
36fc0148-7421-4d6a-9de4-dd8e1e167654,37.7,67.86,26,27,1
36b7c28d-a72d-4ef5-97c5-a25ff3124e74,27.5,80.9,5,9,1
cdb360ca-d5b5-41fb-8913-1cd5d96e34d4,26.11,95.75,19,24,1
abc87da5-fc5e-4cd3-813c-6bf5e1e0d2c2,17.89,68.07,32,22,1
303ba29a-347e-45c3-918b-2430281c2fde,10.01,79.14,41,21,1
705b2653-ba37-4ec7-b42d-b439bcd93b7d,27.06,67.01,42,13,1
16e27e5a-d28e-4a2f-8dc8-144fc3c6191b,19.67,68.18,39,17,0
619c382a-a97b-4203-b07b-26ce862f185c,22.96,83.63,24,3,1
71f594c4-d74a-4a78-83b1-ea67ba87403e,5.54,81.56,44,13,0
6e314b63-6803-47d2-9b23-aa7a6ef386ab,11.39,100.0,40,17,0
d4013f3b-ab2a-4346-883a-6420eea031b5,25.67,78.4,2,1,1
88647e2c-c477-4e1f-a466-ed6448a0ab6b,10.4,65.57,37,22,1
2c0b9925-2abe-43d7-a833-de401c5d2026,12.73,48.87,10,6,0
4d7b26e9-7b8a-4fa9-9a56-3f368a6f2599,26.24,69.18,14,24,1
e0686b5a-e425-4eb0-b3cf-fac8b6de4cff,13.6,62.62,22,22,1
b0243b58-9313-48da-ac64-a9e2a1c2dcf6,26.2,68.39,24,27,0
9b36b2b6-706b-4e2c-9d5c-dde981fdc3f5,25.08,77.15,34,4,1
6e73ba54-b207-4c29-bd82-688b6a3c9147,11.48,80.11,2,9,1
b398a18b-764a-4ff7-9166-f9522536de0a,12.11,49.24,39,19,0
ee66eabd-31cf-4317-b36b-e5d2e7efc7f6,13.6,60.8,14,22,1
4bece62f-25e0-4eb1-a1b7-9e9ab06716c1,16.27,61.27,46,29,1
98101749-edea-412a-a29e-561db8be1d76,17.01,79.34,21,27,1
08f5059b-2203-4f46-8382-fb186f67673a,33.7,100.0,14,18,1
d9b44929-1683-45e6-829e-74e487978ffa,24.8,68.46,7,10,1
851577a6-6cc6-4d3f-9bc4-3066ad5fedde,9.73,80.43,18,13,1
a079c398-0f7a-4262-b2fd-f1c45dff6adb,33.18,88.46,23,27,1
53f3417f-d8bc-4898-bc37-d111ce47739a,11.43,54.08,29,6,1
2f01b0de-c753-4dff-8268-b50ba9593704,13.06,85.64,37,5,1
15163b83-a6a6-4e16-bd76-29cbbf9d258a,13.68,58.93,46,22,0
f2fd1735-11a3-4c77-916e-9350f33ff80c,48.79,84.45,49,15,1
5b1c691c-3ab4-437b-b8e9-a733b14aaf7e,24.46,67.45,48,22,1
03b0ea9f-ad2f-4c31-816a-17033e452343,20.08,95.6,26,15,1
66a8f7b5-db73-45f0-8793-036897c1adf6,10.88,91.13,46,11,1
e3fbdfeb-4acb-4522-897a-17340df6b74b,32.78,66.04,49,12,1
cde15963-0231-44c3-bc68-ca0910a2a010,22.71,75.65,36,0,0
ba511b95-eb53-4f9a-bd86-1a81ab611627,7.82,36.78,11,27,1
a9ba96e4-f806-462c-9834-3eafc6957190,26.17,72.11,21,13,1
11ce41c0-43f6-4a88-b20b-984815db3e45,16.29,51.67,30,24,0
65a50287-0c1a-45cb-9697-6575c91e6791,12.29,65.6,24,11,1
15f1bd3f-7eba-40b1-bf90-cf516c05294f,14.99,72.94,45,0,1
c143747d-891c-4699-953b-74628759d1e9,14.16,47.37,9,10,0
c3d3b908-1613-4b64-9715-42cba0aa1679,15.69,79.03,20,1,1
be92144b-99c5-4a0f-8e6b-ed6b5f978619,6.39,86.44,7,14,0
97105a9f-ebef-45e2-bcc2-8cdc2cb6c1ca,21.55,57.18,31,21,1
634b12f0-2d24-4909-8c94-8ea1f0a47540,20.65,60.46,48,4,1
532eb562-7cff-4762-b1e3-aefc81fd841e,17.75,77.61,46,6,1
bbb7d604-78a8-4b90-8fbf-b254b4a75277,16.34,61.14,36,7,0
19b11d8b-a1a2-4b42-a5ae-bae2a26fef7a,27.79,61.31,48,20,1
800a378f-5154-4fd2-9ae7-cacd8cf03ba2,11.23,83.2,36,22,1
b1ffbd7d-30c6-436c-9160-de705ac68ee4,9.48,63.88,4,27,1
0c13a4db-e4a3-4d1c-8c43-94e615dc2eeb,18.02,74.62,26,14,1
293d5e54-233c-473b-97e8-45cc27a683d3,24.69,95.46,41,7,1
654ad2a5-7036-42b6-be5b-36b39404ed69,16.29,98.3,32,14,1
b3c90a98-3db9-4346-98a8-b7241ee79bdc,26.88,59.02,23,1,1
591a2e09-3562-47b3-9fb7-a96274434437,30.22,95.83,21,11,1
e2e59419-406f-47a6-a4d5-65282faa9628,19.17,74.57,8,20,1
83798cc5-98c4-4480-aff4-f68c7454a53d,8.54,70.46,2,18,1
4198c368-a447-4963-9de2-f7c1e64c3532,20.95,78.09,5,27,1
c30f0ed2-64c3-4e19-bca5-a0bbb7cf1e36,15.15,84.6,1,2,1
79abce3c-9bfd-4745-9f2f-44eaf0ef07ef,31.61,34.79,43,26,1
5f9c45b3-73d5-43f8-8c17-ee41a6ac6f0f,31.32,79.96,8,25,0
0d58579b-9b22-4cfa-b466-b1963f3f8c8d,28.6,74.58,3,28,0
fd6a8189-3771-44d0-a8cf-6a41796aa691,32.2,65.15,18,3,0
e9931889-7257-4019-a13a-96014f0735c2,24.43,66.09,30,17,0
49351747-ed2c-45f9-91f7-fbb970e87ae2,22.79,85.51,18,9,1
035e6d14-af0b-439c-a902-ab4eaa5aa7ae,18.49,61.35,9,11,1
71037057-4700-4639-abb4-c09eaed2a6da,31.59,98.0,6,27,1
e2ab5f6f-96d0-49a3-b079-d6556e7415e7,26.89,100.0,28,28,1
2debd2ce-e8f5-4558-81de-a47019e19297,8.48,61.88,5,27,1
76231f12-cfe3-46ff-8c08-796fba50651b,10.18,48.31,5,16,1
cba7fe1c-da9b-4a89-91e2-428b15b0a149,9.69,79.46,35,25,0
036faff6-3738-4b13-b459-a73b979ac387,20.95,77.95,34,24,1
36207c38-e38b-4f42-b424-e0d45fb4a5a1,13.91,75.06,33,10,1
e24a2da1-0224-4451-a622-ec03c8508804,23.49,57.85,37,2,1
eb3aacb3-dbab-4879-a523-0ddae082d36a,37.86,58.58,29,8,1
a5f95baa-f489-4aff-ac46-b9ff57c6dc8e,13.74,57.2,8,7,1
713e61a0-768f-4873-a53d-8e5b0e9e4617,16.55,55.82,12,8,0
c43af140-d8bd-4498-9a1c-f65a0500be3d,9.2,64.89,2,9,1
0d103358-262f-42a2-aaf5-9f3b8eb410c7,29.38,60.62,32,15,1
8c2ac8bd-d4fc-4a86-96ae-5b0643f685a3,16.79,77.34,27,5,1
44f60566-9d48-41e9-b708-05fb3d664e93,21.77,68.09,3,23,1
d4794a17-8ae3-4b24-9d31-2c1d734922cf,22.16,61.73,33,23,1
aad67552-4d93-47c0-a23a-d298b667a4e7,21.23,88.63,11,10,1
b8cb0509-782d-4f4d-b2db-73e03907c07a,3.56,73.18,3,7,0
bdf447aa-5fa0-40e9-886c-efbae9999969,6.25,77.61,2,11,1
70969ecc-d8f9-4ac0-9bec-5cbea4a91234,17.17,57.44,41,24,1
bafddf0c-a60e-41ae-ac74-1aeac05dd7da,34.72,83.68,2,24,0
6a12e159-2ee4-405d-b133-d011ea90a62b,22.36,68.09,9,8,1
78ec1dd5-3912-4b3b-b947-6bbd65d217dc,25.94,80.67,36,28,1
47b126d4-3ac9-42eb-b81a-e37ed4d6fb12,24.05,53.03,20,12,1
260d0fe9-7b2f-4712-a03f-efebbbef31a5,22.15,61.2,0,21,1
e7b732ad-900f-473e-9084-a1e4778fbcc7,27.43,66.78,45,10,1
e487d0c9-7905-444b-bb39-8781e18cfbb0,30.85,70.27,25,26,1
1f5b65e7-3d8c-47ac-8b80-0256e2599de1,0.39,90.85,39,18,1
a253ac61-3c4d-4866-85d8-b7e1969405c3,27.69,60.87,44,12,1
bfd138bb-1716-41bd-895c-ff5f9ce4f674,40.35,52.53,41,9,0
6a6eacb7-8c0e-4930-9d6b-eba11d22f45f,32.58,80.56,34,11,1
afb882bb-1714-4ce7-9c91-73f4a20eb518,14.39,81.76,12,2,1
4a812f4d-1a5e-41f7-be90-7f0dd79745c3,23.22,88.75,21,28,1
88460919-17a3-42e3-95e7-ad308af45c39,16.79,86.75,29,20,0
f5b44c1e-2b4f-4eca-9d02-740b20b1be17,14.84,76.12,17,21,0
6f6adbcd-90d7-48a1-9cd1-32efcfddb8c3,14.02,55.34,22,11,1
7e7ca767-ae3c-48bc-bcfc-23df651bbb20,29.16,87.53,41,15,0
2e83071c-62f8-45bd-b79c-982a7693181e,19.66,77.38,37,12,1
d0705688-b1b4-4db1-99a0-c2e6e5d6a143,12.01,75.79,20,11,0
4a0a0cf6-4594-4a61-83f7-86c512853200,16.74,94.5,40,1,1
b59c0994-828d-42a9-9c58-8c178f272f21,32.95,94.65,41,29,1
efe959e7-266f-4f5e-9588-f6e4fad559fc,20.88,77.26,38,7,1
405ae96b-adc3-4b27-852a-cd29b8c35325,28.79,85.92,44,4,1
aa996338-492b-4750-bdec-ec9a0daa281d,16.52,78.87,0,8,1
cad52224-794a-49f8-84dd-2317c820c589,13.48,88.44,43,22,1
f17c23f8-f3fd-4a4d-932f-8a91d9814c30,14.01,60.57,35,18,1
5123bbec-7e5a-4ee8-90bb-81e7a0da6ccf,2.91,51.14,5,8,0
169988c5-4e41-4a2a-b3df-bef9feb28bdb,3.56,65.85,28,24,1
ec82cfbb-382c-4c62-ae9f-006eb22bf819,2.63,60.97,49,1,0
9e3fb012-3a05-45bc-b14f-44709bb73a97,21.87,65.09,41,0,1
8c4446bb-893b-4746-8862-b93add2c25c2,20.93,72.84,19,9,1
255a691a-a7b9-4e6d-a0e9-52127c02ff87,32.71,77.95,22,1,0
b6bfc755-2cbb-4dd0-b2af-7c818d5cbd18,11.6,74.24,35,19,1
5a985219-f54d-44b6-97f2-c33f0fa1a62e,16.33,73.53,46,0,1
1e7fc07e-f283-4ca4-843c-ea72190c4dec,6.58,79.6,26,22,1
620f24ee-7f5c-43ee-acdc-478994fde951,31.83,75.36,11,2,0
45f2b3ca-553a-4823-aece-f830a2e9b607,18.09,75.34,16,21,1
0a3fa266-2a9b-4ed6-9326-3b3d70c34ba5,11.7,62.47,30,22,1
30f312ce-7a78-4751-ae45-da153f7997f9,25.14,64.44,3,26,1
9e11912d-7661-42c9-abbc-e0b0f8f43e3d,22.8,43.16,15,3,1
42033760-03d2-41b2-8044-3455eb9ff569,6.68,41.84,0,25,1
5300fbb8-4b80-400e-b6b6-1c6030f197e6,19.35,70.22,44,16,0
e35a46eb-ef75-4f23-9a89-7319e73daa51,29.32,92.83,39,25,0
b6e4ee15-d06d-432b-83e3-0ab8d73f043e,12.54,100.0,20,6,0
86dbe968-8ddf-40a4-a1d3-e7accbe6cf11,20.09,63.32,25,27,1
bd15e1f4-7582-44ea-a57e-fc7cdd5e50d2,20.19,63.98,37,4,0
7f87d8c6-19a2-4ff3-9220-59c48d0aebcb,28.3,100.0,22,23,1
6a864682-9abd-43d8-8535-03b2a2771ac5,13.14,63.89,1,23,1
0ee85086-f9ee-420f-8aa4-9ddeed81a9d0,15.74,55.64,1,26,0
ca06a969-dad8-40d4-9470-9ca3fa673e70,25.6,78.08,31,17,1
99cee1cd-924d-4ba0-a2c9-b8fb061440d2,9.71,65.77,38,6,1
9a6fb050-a885-4238-86a9-e1b77e49bba5,11.7,67.07,24,16,1
160d0b5b-51b7-4a92-b225-09a28b59c22a,12.76,75.94,19,11,1
b80ad922-5057-41e3-a82b-536e61123a27,20.34,42.75,38,12,1
f8d315d5-d4db-4b1b-8045-14b41d41d59f,12.8,96.23,5,29,1
637722e8-6fea-46e3-963e-1247f4e83218,19.67,72.96,8,6,0
537e52f6-2dee-40f4-95c7-65f5bd6b3225,9.84,73.47,12,12,1
c95dc328-9b9a-47ca-977f-bb8ff473e4ee,16.37,77.92,4,19,1
2991ee5e-1a5e-441e-a4a5-6cd136628f71,19.43,87.28,45,24,1
83578417-2c8d-44c9-a242-92a07ae5745e,25.5,59.57,23,13,0
2c3fe48a-13cb-4a58-8193-a9917c523005,18.4,45.1,46,6,0
433c7d2d-29b7-4e61-abb4-b617cd96daae,17.13,57.15,40,9,0
2f6eccd9-7039-4475-80ca-2e1712fdee6a,21.09,66.19,26,7,1
39389628-e6a8-4727-b2ae-2c3dde2a4f10,21.67,47.89,47,27,1
ac4f3cd5-56d2-4e8e-ab09-90707edc49c0,35.98,94.73,17,9,0
f02ab23d-e2f9-4ab3-8ed9-0d8e23214018,20.84,48.01,39,8,1
2b4feca3-da6f-4e02-b4c1-9c6cce6f4e44,29.37,79.69,39,9,1
88ba439b-d582-4a07-b226-a74b17279ea8,22.65,49.4,32,5,1
3dec19df-97f4-4652-9980-172d47b4ec46,15.47,59.31,38,11,0
a04b3a3e-d045-4e61-b513-f6393f059c02,16.05,53.77,27,0,0
ad0b5d68-5d5f-47e4-a1f3-bfc6e742e922,9.47,87.0,10,16,1
5f1c493d-a6ca-4218-94b4-172b74b9e432,16.03,65.96,10,2,0
b33a023c-d3c5-41fc-97cf-cbe5f3615742,21.22,79.62,17,11,1
d2b177ba-c1dd-46e4-abb2-393db50460fc,16.3,70.36,31,16,1
22ea2a69-ef01-4536-97ff-5cdb379d3c83,26.07,61.53,33,1,0
ee03b41d-0359-4b69-ae47-e2e8d547a48f,24.57,90.54,38,13,1
80483098-8a06-4ccd-bf60-729a5e06ef67,21.2,85.99,27,1,0
56f61532-bdd4-4fa9-a020-9e257f44f0f1,37.55,89.4,29,15,1
04d20223-9215-4e84-879f-5d3e6e9dd8ed,34.49,93.19,1,8,1
3ce50400-3a33-4646-ae34-b9b3f7651363,23.76,87.55,4,15,1
8b02f920-c0c7-4072-b21d-6c5b4628e0fc,19.12,77.58,1,12,1
28b38fa4-3677-4b1f-bb83-de4b524349ce,25.37,74.55,20,21,0
a8ba789f-1b17-4cf8-af8b-90a5d88f435f,20.63,84.44,21,7,1
39d20fee-65e4-448f-96f8-51ecf972cf84,34.33,69.0,34,28,0
38038150-b422-4c82-9e6f-49bdc4d45ce6,27.06,57.09,26,0,1
e101b57f-e71b-47fc-97cd-f95c247ea222,15.86,93.06,21,13,1
132023a5-e7cf-4dda-b672-ef73d039c9bb,22.4,77.83,33,14,1
2bef2556-9eed-42f5-b81f-9612315bcc41,30.75,70.37,38,24,1
4d9f8627-d0a5-4b93-8825-3df89327bded,22.99,79.79,4,6,0
6cb3c2cf-9aaa-488b-84df-d97b6ba8c644,11.6,49.96,22,26,1
5d50e45e-ec63-40cd-ba02-0988f2e434c1,37.86,93.67,37,13,0
73bc7630-4ff9-48b0-85e8-3056549ddd87,29.22,85.35,13,20,1
aed547c7-050c-477d-be23-dc9ba9935f26,24.16,69.83,17,4,1
ce635240-e1ac-4136-80a2-d4e688d62e1e,31.65,68.72,5,4,1
11ba9ed2-81cd-432b-b28e-0f1d0b3efef9,32.12,70.83,6,3,1
9b1fa602-611b-47be-8a40-d6818acaac02,18.1,80.42,21,17,1
447504ba-fb8f-4702-b8e7-c6ba708fd13b,29.64,72.95,40,2,0
66243e25-c37b-4a78-9226-c65373e3db7d,15.88,70.91,15,4,0
15726463-cb70-4347-b40e-61f2c5f81e78,20.34,100.0,22,22,1
44acfd05-cbc1-4cc1-a37b-c5ef26c6574f,17.59,76.53,40,21,0
6c259141-028b-4d6a-b740-998b1b3a5d03,15.19,53.95,29,8,1
87dd83f1-5665-44be-bd84-e38fdaf28688,14.52,79.01,43,11,1
ee8371fb-162e-49f5-910d-1016639990ca,18.01,33.01,28,21,1
a38244a4-62df-495a-9e73-d1cf1fc2edc0,9.84,80.37,39,5,1
3e5e1e98-f8af-468c-be53-444d9d6d3bed,12.2,92.98,5,29,1
76b74557-2dd0-4288-9109-96589b401e1e,27.62,92.78,18,29,1
4bb877a9-8601-44ad-a560-126c6218bde8,18.68,99.25,24,4,1
0fb42df8-584a-4afc-8d86-d161508b8bc7,18.75,100.0,28,18,1
7b1a769d-11c6-46cd-bf01-7dff3cd98e0a,8.39,58.92,40,16,1
2fd3fc48-f510-4a34-8c3d-77bf03f060cd,13.69,80.47,26,20,1
4ecaea94-1f2a-4bbc-a803-b550d12facb9,21.74,80.22,3,3,0
9f29485f-8b3a-4598-8868-7347b396ca47,9.25,58.82,8,17,1
5f7ca35a-3642-46db-b667-db3fec9ddfd7,3.98,71.71,48,2,1
b323a9ce-28b8-476a-9738-78c46437417f,6.55,73.54,44,11,1
e7ac5172-ad3a-47a0-9438-75028f26925b,12.22,48.07,40,22,0
6bf64f7c-7886-428f-8709-676cdacd8b09,29.14,80.47,11,20,1
6e625a70-2581-4cdf-8f02-6f3e99510879,14.25,76.58,32,18,0
b50e380e-2313-463b-aed2-e40b41c48800,4.03,61.68,40,24,1
59be5099-b690-4ac0-ad7e-1b5062784f5e,27.15,52.1,36,5,1
8764fcc4-7cee-4571-a37a-bf022e4848a3,1.31,77.05,23,13,1
9276ee3e-ccfc-4d76-826c-f90cfc52b1f9,17.64,70.57,34,1,1
cc8ed28e-d00a-4840-b95b-3f96323756ed,29.02,87.69,39,10,1
67304628-fd58-495a-a7ab-1d33f2f83a1d,19.46,77.37,40,10,1
b25aa7ed-9974-4ed1-be26-9c4d3ffcafa4,22.04,97.84,17,2,1
adbbe8a4-e4ec-4569-87f9-4b2c34a18d24,14.42,73.85,25,19,1
1805c1d6-bc13-42b9-adf1-0b049c727856,34.97,65.25,40,23,1
9046faf3-0316-456d-adbc-914e105800da,11.8,60.76,29,24,1
3468e9ed-7cb6-4100-a607-28c20601076f,5.12,97.76,18,25,1
173e53f6-f405-48b3-b12b-e4345eb88ee1,28.55,99.73,18,17,0
d9eca4dd-9112-471d-a85f-0347db47f45e,24.45,80.52,38,18,1
07eaa1bf-e262-47a4-b593-a078ef954adf,12.4,51.05,37,27,1
6938c735-c3e0-4c44-8bf1-48da06072722,32.37,78.86,42,19,1
4eca8ddc-9770-41e8-a6e2-df81a16b90d3,25.73,90.74,28,24,1
d214dcc9-a720-4174-8a21-b6cbe70e2a66,22.02,68.77,42,5,1
cd16fa93-d624-4703-9d34-ec4806c7d437,18.59,80.45,46,28,1
dae70734-f38f-49d5-add0-fd9350ff51e1,20.04,84.6,32,24,1
685cf0dc-dfab-4f18-aa97-15d36f80c027,24.02,79.47,40,18,1
ad6570f9-dce6-4e7b-bc77-01dc58dc5e47,18.84,85.09,15,6,0
f1dc2d0c-b556-4c4e-92b9-a997ce9588cd,14.66,84.44,20,14,1
470c4e00-7ec8-4d87-9e27-e6f7b78cb2d2,7.44,93.63,38,5,0
e12ecba1-aa09-456b-807a-023f5a62803a,25.34,76.63,12,1,0
498df178-fa98-4a69-a2a3-5f0caee77c80,36.38,86.94,1,26,1
ed3f9ff2-eea2-4706-90d9-04957e573ddd,21.41,67.69,30,9,1
4b7f22a4-96d1-4480-926e-f39744b3e1c6,23.1,75.04,25,9,1
abb47fff-ad50-47ce-8651-9a1a86edda2e,27.21,63.05,18,16,1
75d45a4a-8946-4b7b-97cc-bce738df4931,16.36,74.99,14,5,0
965b0f10-0948-49cf-bef6-623dd16c529d,37.71,92.41,47,29,1
b387a574-60b4-4a80-8948-ad1cd71177e2,8.87,71.85,14,6,1
4a12ada0-b831-49dd-bd74-99c7b3c3a69f,22.54,63.55,28,3,1
2e8557ef-7988-4f42-8c5c-aeb50c500358,12.85,78.94,7,2,1
521a87b7-b4cc-4206-8ec3-80391938dadc,27.71,100.0,10,3,0
28161d8a-2913-4a75-9a9c-09785700e796,32.43,60.52,15,28,1
39ea08bf-b287-4a57-a9dc-6394f235755e,12.77,99.38,40,2,1
56c9b739-5859-4fa5-bac0-6e72ac5521bd,16.4,60.24,20,24,0
877c039f-eea9-4dad-b20c-90acee02c7ca,12.5,74.67,19,19,1
8a660b88-f7b1-45e7-8bfc-8dd2a5648483,23.52,87.42,16,6,1
42a6d1aa-1e11-4afa-8145-53368ebb46ed,36.42,63.8,33,2,1
503e5e26-032c-4764-8b5d-eea4fb7e61ea,28.76,100.0,49,7,1
31861fd7-53d2-4e85-899e-59761f8610f9,13.74,66.02,37,4,1
3dfa3f61-e257-4552-abe3-99a38d21c8e8,3.04,95.52,10,12,1
4b0397e4-b8cc-49c2-8c61-4710b7728c34,12.87,89.67,49,23,0
c2d23d53-db90-4702-a282-7190a110483f,19.02,82.41,48,22,1
e5493347-e37e-4cd1-aaaf-939b08e63d44,17.91,100.0,11,20,1
5c888174-0a99-4ab9-ab2b-2709424ad334,23.62,77.26,34,14,1
988abef8-e887-4e47-b171-8e487fb8662c,8.86,68.81,37,27,1
8f138af7-9bab-44d6-8af9-3e3ef49d699c,24.88,56.81,43,19,1
c97175ea-bada-4e55-adf9-65d7505e8a1a,17.04,100.0,5,6,1
05845650-3829-46c6-8255-adbbf2f8f0cf,32.73,61.27,10,4,1
89530daf-b0d5-415f-933a-8561b010654d,18.55,90.77,27,2,1
018c7a85-e6dd-48b6-aed4-96f253b9f365,14.45,81.16,27,3,1
dae70fb1-042a-453c-a1ab-c3621ceee61d,29.51,65.18,26,1,1
eca94e23-54f4-486f-8741-433dc5ab7a02,17.35,78.13,16,15,1
a97b3f67-2f41-4b64-a243-7c2e89d287e3,2.74,74.19,1,27,1
21c0d19a-299c-40d1-9518-53f182cd4feb,20.53,52.5,2,16,0
721ad856-471b-40c1-bb63-50807fd44ec4,23.69,59.21,41,27,1
b261d1dd-cfab-426f-9ed6-a11a86b60bf7,30.5,68.03,6,17,1
a5386447-4ece-4017-afd8-4039c6fb7eeb,11.87,65.47,33,18,1
7d464bb2-e887-44cc-acd5-1a171e763300,32.0,86.45,15,27,1
d3f25a24-7293-49be-822e-e122842c663a,16.95,89.1,29,11,1
f5fca6a4-521b-4a2d-ba09-4683bed2c794,15.91,83.82,14,13,1
b7e8d197-ec8b-4918-9a39-dd5771d7ebe8,19.39,51.42,36,7,1
6d3caf70-b366-4900-807e-fb94791f4271,1.84,55.67,6,21,0
976b93a4-cb07-4bc4-8444-dcdaf02c96d7,15.59,78.77,43,17,0
9dc0cf16-b678-4d0d-bef7-5701522d8364,20.07,89.58,17,26,1
6232c637-4ffd-4985-8e17-e195da7d0f31,15.64,85.1,23,28,0
a5f1e2f7-2aa4-421e-8230-75e09bd1a712,3.76,97.36,12,16,0
9d4527e8-65ae-4198-ac37-52d0b78c29a2,15.57,100.0,14,7,1
a345a5dc-ec41-4f3a-93ce-b8ce81f51075,21.3,75.98,41,16,1
ac7de5bc-35a9-49ec-bcd7-883f4c7ee9ac,16.97,98.35,49,26,0
f06c96e0-e0fb-49cf-8fd5-42734b5c7206,26.56,83.78,5,28,1
01ca2a43-da24-403c-9ae8-1f04f718917b,11.98,29.35,42,19,1
c184b7a1-fb8a-4042-9e3b-4211ccaa0eb9,14.12,79.8,24,29,1
59c3f674-b0cb-4164-a591-33a453f83651,42.71,26.41,2,16,1
ea8c4249-39cb-4c8d-8642-4f5a55bb78e2,7.81,62.39,30,16,1
5d78797f-447d-4c0f-9589-21079c5c8014,21.86,80.56,38,0,0
a5883014-a7d4-4b9a-95f7-dac7d608f854,30.82,57.78,23,19,1
90d3deb2-2e22-4af2-bd5f-e908d9931171,20.21,90.24,8,7,0
15b32b53-460f-4c9c-ba37-fcdae18073e7,9.12,69.62,10,18,0
646cffeb-8e30-4780-974f-66e3029ba11f,17.31,66.16,8,20,1
6a5d39c0-804c-4c78-973f-43b0a6aa9429,17.25,81.31,28,3,0
e9646607-2a4a-4e4f-874d-7087c696800c,18.15,79.7,28,17,1
4657e7de-8fbf-48ac-b573-cd839d0e969c,19.03,56.0,23,5,1
2a443432-c769-49ff-8be6-b697d658066d,4.23,93.97,38,11,1
0d5a7161-77da-41a1-89c4-73de4209c9bd,3.39,56.16,12,13,1
3acfc9a1-6f71-439e-8aec-fb2cc06db52e,10.14,83.13,28,24,1
8a88a2cc-568b-4f72-a392-91cdd10ba3c7,40.38,50.84,31,20,0
bc690c53-d4a7-4738-a077-a72d6e006646,28.63,34.85,39,9,1
05a13e40-697a-4783-af98-c49f662dba05,1.47,94.32,2,8,1
befb9ad5-3e2e-4b68-a0b8-cfe93d411793,13.49,84.36,20,7,1
c33b1788-5b57-4380-b151-1dd9f0cd652b,12.63,72.46,19,3,1
6134ab16-c902-4d7b-8c08-31aec15416cc,30.53,68.12,22,6,1
f991b588-92c7-43e2-955d-9cd57f342d4f,23.3,70.09,34,28,1
f5d31d07-2351-4a91-80a5-44255cbe1940,12.91,90.59,42,0,1
1158d71e-8265-44e5-ba5d-ea7ff25cacd8,27.3,65.01,0,9,0
7087a78a-998a-42d6-aa2c-a969a9bce5a9,25.09,92.24,36,6,1
760150a1-f1f5-4d2a-b6c6-40b507111bcd,25.21,83.74,16,12,0
cafc623b-3fe9-4c2e-97ff-8aa40e32f424,5.0,52.87,45,29,0
b871ae4d-4aff-49ea-b086-48d68ee5354c,6.94,38.94,21,25,0
69153df5-c802-49af-bdca-b66901eb9251,35.33,68.46,14,17,1
f061e945-cc29-49e5-aa86-05e0f6926c16,35.7,90.14,0,8,1
e106d1eb-a756-45e0-9d3e-a64d63f1e4e6,37.22,75.33,41,23,1
a0559781-2768-4bdb-84ca-ed122c1b020e,18.76,88.66,13,0,1
377f2622-e797-4aa7-ad02-4170f92b622d,11.04,63.31,25,15,1
42ef3f96-a391-42c8-bfc8-11622a305944,18.63,63.71,43,12,0
14d2d55c-184b-4371-a12d-65d95f1b0647,34.64,68.32,15,29,1
3edcbcc5-7060-46bc-82f9-dcec911c1d16,16.23,80.1,29,7,0
66129465-08d1-4b47-bf01-9f1155f92f64,31.32,95.87,31,4,0
f8e27154-bc07-45f4-8d2a-8f6064b0faa7,5.3,90.0,44,3,1
4cf8087e-62ca-4642-9b3f-905b8859b270,26.25,65.96,17,7,0
fa02906a-f276-4daf-a864-c86d0b363bdb,28.99,84.32,7,23,1
39aae234-8ac6-4bbb-9953-0e19307c8f3a,26.98,94.12,32,12,1
697675f4-cd03-4057-a6d8-d8aebf712c31,33.41,64.79,24,29,1
936b541f-b73d-484f-b994-1c8fc434c183,11.05,62.36,12,19,1
d348b16a-b43d-44c8-8c29-bdc0266ecd4b,30.56,78.8,28,7,1
487f3bba-0dfa-43d6-a9b7-b1c03c33794b,26.02,75.01,43,15,1
adb3e677-4601-43cd-a360-b9279759a0e0,28.27,95.36,30,11,0
342901b8-99f7-4856-b390-62ae15b53d4b,5.51,81.38,7,12,1
a1c593f9-68be-41cf-a670-0867c2283bc6,26.87,46.5,27,18,1
3d19a976-bdd5-4e52-b372-315b584079f8,10.48,91.95,16,3,1
c631c44a-2876-482e-a735-9efa33f30ad7,6.86,77.23,48,24,1
496ac663-10f8-4ab9-af0e-ee5c7d1be969,21.26,87.51,46,7,1
244dee26-72cd-4957-9239-f82034aa20ad,16.59,70.74,47,12,0
abcceb79-f1e7-484d-87db-5b159e47d703,26.3,80.73,15,5,1
d2525447-a519-4769-be3e-a1129487adb6,33.06,61.2,12,8,1
bbe1939c-ac2a-4ca7-a77d-9ea8f96dbc97,22.4,76.22,5,17,1
eb204225-cd69-4c81-bb66-1d0f9d03756c,17.34,75.74,37,24,1
9d5c47ba-4f23-457f-bd6d-5e00fb5c2cd5,19.71,67.8,19,10,1
eeb3ec1e-c3f4-4f2a-9d83-4df23f8a9a83,14.15,76.95,8,17,1
bed6f686-d6b8-48d7-a971-326387512c4b,13.89,74.68,42,7,1
f24cf7cd-4d5e-47bf-ab0a-2e7a5c96b34b,25.41,77.6,40,11,1
e430201e-f6c6-4505-b9b6-14771767f205,12.19,78.47,22,26,0
2566b34a-8f7e-4cdc-9c5e-f9fb98856c0c,15.82,75.23,3,13,0
6a6c4a45-1c44-483d-9c0e-9c95b7561eee,15.65,65.09,29,19,1
f8372389-e36f-4dc2-ace3-23d8841747fe,16.55,83.83,12,7,1
b0884a2d-36cf-4ed3-aa7c-e6c4be113aa2,23.31,68.03,26,11,1
b91b3a2a-a1de-4459-9241-768d31c338d1,13.9,71.0,20,5,1
8fdd120d-ebfa-49c4-a5ab-6be591e33cea,30.22,57.7,42,27,0
5676bc1d-4b7c-4b4b-b201-910e96cc3b10,45.27,83.82,13,12,1
d00f7ee0-2bd0-4d52-b3d0-e141ea779861,39.24,87.46,38,9,1
f65f923a-9081-48e8-b228-0050403b5b89,17.52,60.09,39,12,1
352970d1-a2a4-43d9-a3f9-447364538917,20.88,69.92,24,13,1
41668ceb-4e72-4473-a719-dd33c10c3459,13.85,58.21,22,14,0
47512fe9-a782-4fa4-903d-d040e825fbba,26.69,70.35,25,25,1
35fbf627-35a4-4c6a-90fe-a4903d0cf973,26.44,81.3,27,6,0
b4bd29b4-28e2-45fd-bd34-9ece33c2aa1f,20.05,69.16,46,22,0
4084b9c0-969f-4612-a2aa-dbf1151d9191,33.73,82.92,40,0,1
a9c08271-0fad-41be-bb82-ed47d0617374,15.33,65.77,30,23,0
34e92489-3908-4ada-b44a-3402cd39540c,5.16,64.86,9,3,1
4ee47826-a1b1-4dcb-878b-a69ddbaf4dba,14.66,83.32,33,18,1
728465ee-cca3-4058-a299-88082bfcddbf,23.45,88.94,17,22,1
1713ad16-5527-4344-9213-470f2558f4b8,7.67,66.87,34,9,1
af3d5ad9-085b-4674-ac0a-f861d656f9e9,21.37,73.96,18,4,0
8e717105-3e90-4a71-9470-4354b5a85b91,17.03,83.41,34,14,0
83f16de9-c275-4eb6-9020-482af049b956,17.48,74.58,24,13,1
b4c3f2c3-a1d4-4396-b3b6-bd0a7ae8638a,7.14,48.6,34,4,0
02300f08-311f-4570-af97-bdef8be2850d,17.61,74.53,29,4,1
98efba58-eb80-422c-89da-52b495e73333,30.65,54.75,47,12,0
ab98fd36-efd0-4bc8-aa16-9558ad2b72a8,24.24,69.4,26,7,1
36a93520-3ae6-47df-ba72-53d22ab340a0,45.09,92.39,15,5,1
b549bf9c-ae33-4c45-9aa9-1de79917b9de,11.38,67.27,37,6,1
3bf06058-0165-4b58-99b1-1ee97dcd5d43,10.57,62.55,31,2,1
d2013eb7-778d-4ba0-8272-63281c4e03f4,21.86,76.87,41,9,1
c99892cb-d0a2-45e2-b3c4-d1c8961dac85,9.75,71.62,26,25,1
239fd60b-d4ec-4228-a701-e6e537459828,24.19,92.0,38,29,1
cfb49645-9d66-4a20-91d6-559075df9dab,12.32,84.89,48,15,0
c6a8fca1-e75f-4244-ad70-9d0915967b59,6.97,73.17,7,0,1
ac973391-6f46-4459-a9d0-a9d84c9d8f94,16.34,79.68,6,28,1
2346d738-f150-4277-85ae-a6769ff0a322,24.09,58.07,47,18,0
0012b018-10f0-4d22-b811-0740d00dba47,4.15,91.5,11,10,1
52c45b22-11c5-44db-b2ba-8870806b1d58,19.9,100.0,23,4,1
e8a19b00-df04-4312-a5f0-24371898942e,16.32,61.77,15,8,1
71557009-353a-4824-8fe8-dc49d9913a33,22.11,67.41,25,28,0
73c51cef-8ecf-4b0d-b402-afb480738e91,14.02,67.43,15,2,0
fad76504-a82e-4620-854e-c359ad01f22a,15.36,80.42,49,2,1
63b854de-e177-47a8-96f9-b2134d12a863,38.83,81.15,35,5,0
9a12437e-c87a-4e46-98a4-9b54889cb29f,1.92,84.54,20,25,1
8cec12c8-eaf1-4b46-b3c7-e43fd1989201,5.32,85.15,39,17,0
e59e408d-ef5f-4fea-aeed-e69b2469db1e,20.69,92.85,37,7,1
c349d5fc-8c5f-4b3c-9767-4fea8ea28ade,2.92,74.15,26,0,1
a9e61a64-9aaf-43dc-a00d-44e41cca821e,27.84,57.77,22,3,1
f8448b97-f6dc-436d-8f70-5a778bdaed65,1.6,81.21,21,11,0
e2d4687a-e54e-4a68-9d4b-44ea38b498d0,30.71,82.8,3,8,0
c6858b30-9561-4c3f-b5fa-c22bea289ad5,41.96,44.47,6,15,1
